id,customer_id,file_name,original_name,file_url,file_type,file_size,upload_date,created_at,location_tag
19,customer_001,1750966850644-826257314.jpeg,WhatsApp Image 2025-06-26 at 12.09.13.jpeg,/uploads/customer_001/1750966850644-826257314.jpeg,image/jpeg,366622,2025-06-26 19:40:50.675225,2025-06-26 19:40:50.675225,
20,customer_001,1750966850712-618852874.jpeg,WhatsApp Image 2025-06-26 at 12.09.25.jpeg,/uploads/customer_001/1750966850712-618852874.jpeg,image/jpeg,255165,2025-06-26 19:40:50.743619,2025-06-26 19:40:50.743619,
21,customer_001,1750966850770-723408098.jpeg,WhatsApp Image 2025-06-26 at 12.09.38.jpeg,/uploads/customer_001/1750966850770-723408098.jpeg,image/jpeg,442263,2025-06-26 19:40:50.802043,2025-06-26 19:40:50.802043,
22,customer_001,1750966850829-477287932.jpeg,WhatsApp Image 2025-06-26 at 12.25.37.jpeg,/uploads/customer_001/1750966850829-477287932.jpeg,image/jpeg,420546,2025-06-26 19:40:50.86033,2025-06-26 19:40:50.86033,
23,customer_001,1750966850887-108559233.jpeg,WhatsApp Image 2025-06-26 at 12.25.56.jpeg,/uploads/customer_001/1750966850887-108559233.jpeg,image/jpeg,395777,2025-06-26 19:40:50.918281,2025-06-26 19:40:50.918281,
24,customer_001,1750966850945-116203485.jpeg,WhatsApp Image 2025-06-26 at 12.26.21.jpeg,/uploads/customer_001/1750966850945-116203485.jpeg,image/jpeg,448863,2025-06-26 19:40:50.977183,2025-06-26 19:40:50.977183,
25,customer_001,1750966851004-714896404.jpeg,WhatsApp Image 2025-06-26 at 12.27.04.jpeg,/uploads/customer_001/1750966851004-714896404.jpeg,image/jpeg,448434,2025-06-26 19:40:51.035097,2025-06-26 19:40:51.035097,
26,customer_001,1750966851062-850917512.jpeg,WhatsApp Image 2025-06-26 at 12.28.15.jpeg,/uploads/customer_001/1750966851062-850917512.jpeg,image/jpeg,322620,2025-06-26 19:40:51.093083,2025-06-26 19:40:51.093083,
27,customer_001,1750966851119-24308850.jpeg,WhatsApp Image 2025-06-26 at 12.28.19.jpeg,/uploads/customer_001/1750966851119-24308850.jpeg,image/jpeg,350903,2025-06-26 19:40:51.151266,2025-06-26 19:40:51.151266,
28,customer_001,1750966851178-554449477.jpeg,WhatsApp Image 2025-06-26 at 12.28.28.jpeg,/uploads/customer_001/1750966851178-554449477.jpeg,image/jpeg,368858,2025-06-26 19:40:51.210929,2025-06-26 19:40:51.210929,
36,customer_001,1751734138817-539245551.jpeg,1750966850644-826257314.jpeg,/uploads/customer_001/1751734138817-539245551.jpeg,image/jpeg,366622,2025-07-05 16:48:58.849516,2025-07-05 16:48:58.849516,
77,customer_006,1752260340038-73056800.jpeg,Woodlands - 3.jpeg,/uploads/customer_006/1752260340038-73056800.jpeg,image/jpeg,3784310,2025-07-11 18:59:00.070036,2025-07-11 18:59:00.070036,
78,customer_006,1752275990162-806283748.jpeg,Woodlands - 1.jpeg,/uploads/customer_006/1752275990162-806283748.jpeg,image/jpeg,5701665,2025-07-11 23:19:50.556222,2025-07-11 23:19:50.556222,
79,customer_006,1752275990593-614773297.jpeg,Woodlands - 2.jpeg,/uploads/customer_006/1752275990593-614773297.jpeg,image/jpeg,6167332,2025-07-11 23:19:50.625107,2025-07-11 23:19:50.625107,
80,customer_006,1752275990653-106529031.jpeg,Woodlands - 3.jpeg,/uploads/customer_006/1752275990653-106529031.jpeg,image/jpeg,3784310,2025-07-11 23:19:50.685186,2025-07-11 23:19:50.685186,
81,customer_006,1752275990712-413284294.jpeg,Woodlands - 4.jpeg,/uploads/customer_006/1752275990712-413284294.jpeg,image/jpeg,6342013,2025-07-11 23:19:50.745657,2025-07-11 23:19:50.745657,
82,customer_006,1752275990773-265562557.jpeg,Woodlands - 5.jpeg,/uploads/customer_006/1752275990773-265562557.jpeg,image/jpeg,5837275,2025-07-11 23:19:50.80465,2025-07-11 23:19:50.80465,
83,customer_006,1752275990832-107815289.jpeg,Woodlands - 6.jpeg,/uploads/customer_006/1752275990832-107815289.jpeg,image/jpeg,5536244,2025-07-11 23:19:50.864193,2025-07-11 23:19:50.864193,
84,customer_006,1752275990894-364660265.jpeg,Woodlands - 7.jpeg,/uploads/customer_006/1752275990894-364660265.jpeg,image/jpeg,6649922,2025-07-11 23:19:50.925575,2025-07-11 23:19:50.925575,
85,customer_006,1752275990953-292715436.jpeg,Woodlands - 8.jpeg,/uploads/customer_006/1752275990953-292715436.jpeg,image/jpeg,5933499,2025-07-11 23:19:50.98516,2025-07-11 23:19:50.98516,
86,customer_006,1752275991018-267018715.jpeg,Woodlands - 9.jpeg,/uploads/customer_006/1752275991018-267018715.jpeg,image/jpeg,6825586,2025-07-11 23:19:51.050184,2025-07-11 23:19:51.050184,
87,customer_006,1752275991077-197541623.jpeg,Woodlands - 10.jpeg,/uploads/customer_006/1752275991077-197541623.jpeg,image/jpeg,6446784,2025-07-11 23:19:51.109886,2025-07-11 23:19:51.109886,
88,customer_006,1752275991137-262610341.jpeg,Woodlands - 11.jpeg,/uploads/customer_006/1752275991137-262610341.jpeg,image/jpeg,10630460,2025-07-11 23:19:51.169588,2025-07-11 23:19:51.169588,
89,customer_006,1752277121597-535582818.jpg,McCoyTygart&CentralServers.jpg,/uploads/customer_006/1752277121597-535582818.jpg,image/jpeg,5409337,2025-07-11 23:38:42.001678,2025-07-11 23:38:42.001678,
90,customer_006,1752277122044-790981994.jpg,McCoyTygartnetwork.jpg,/uploads/customer_006/1752277122044-790981994.jpg,image/jpeg,4984555,2025-07-11 23:38:42.075157,2025-07-11 23:38:42.075157,
91,customer_006,1752277122103-373581304.jpg,Redfieldnet2.jpg,/uploads/customer_006/1752277122103-373581304.jpg,image/jpeg,2761857,2025-07-11 23:38:42.134582,2025-07-11 23:38:42.134582,
92,customer_006,1752277122161-330812067.jpg,Redfieldnetwork.jpg,/uploads/customer_006/1752277122161-330812067.jpg,image/jpeg,1492716,2025-07-11 23:38:42.19178,2025-07-11 23:38:42.19178,
93,customer_006,1752277122219-298802767.jpg,SheridanFamilynet2.jpg,/uploads/customer_006/1752277122219-298802767.jpg,image/jpeg,4437552,2025-07-11 23:38:42.249994,2025-07-11 23:38:42.249994,
94,customer_006,1752277122276-872799251.jpg,SheridanFamilynetwork.jpg,/uploads/customer_006/1752277122276-872799251.jpg,image/jpeg,4805473,2025-07-11 23:38:42.307307,2025-07-11 23:38:42.307307,
95,customer_006,1752277122335-431610583.jpg,Woodlandsnetwork.jpg,/uploads/customer_006/1752277122335-431610583.jpg,image/jpeg,2279366,2025-07-11 23:38:42.366277,2025-07-11 23:38:42.366277,
3,customer_007,1750940896829-31541104.jpeg,IMG_2305.jpeg,/uploads/customer_007/1750940896829-31541104.jpeg,image/jpeg,2699976,2025-06-26 12:28:16.860294,2025-06-26 12:28:16.860294,
4,customer_007,1750945682566-513018478.jpeg,IMG_2485.jpeg,/uploads/customer_007/1750945682566-513018478.jpeg,image/jpeg,3804114,2025-06-26 13:48:02.597996,2025-06-26 13:48:02.597996,
5,customer_007,1750945682636-514275282.jpeg,IMG_2486.jpeg,/uploads/customer_007/1750945682636-514275282.jpeg,image/jpeg,2768195,2025-06-26 13:48:02.669779,2025-06-26 13:48:02.669779,
6,customer_007,1750945682699-141247766.jpeg,IMG_2487.jpeg,/uploads/customer_007/1750945682699-141247766.jpeg,image/jpeg,4009693,2025-06-26 13:48:02.730213,2025-06-26 13:48:02.730213,
7,customer_007,1750945682757-266068565.jpeg,IMG_2489.jpeg,/uploads/customer_007/1750945682757-266068565.jpeg,image/jpeg,2278624,2025-06-26 13:48:02.788097,2025-06-26 13:48:02.788097,
8,customer_007,1750945682815-821496808.jpeg,IMG_2490.jpeg,/uploads/customer_007/1750945682815-821496808.jpeg,image/jpeg,2987575,2025-06-26 13:48:02.846137,2025-06-26 13:48:02.846137,
30,customer_007,1751043778665-970629041.jpeg,IMG_2505[1].jpeg,/uploads/customer_007/1751043778665-970629041.jpeg,image/jpeg,1968466,2025-06-27 17:02:58.696342,2025-06-27 17:02:58.696342,
31,customer_007,1751043778724-465331262.jpeg,IMG_2506.jpeg,/uploads/customer_007/1751043778724-465331262.jpeg,image/jpeg,1522712,2025-06-27 17:02:58.755613,2025-06-27 17:02:58.755613,
33,customer_007,1751043778842-315733259.jpeg,IMG_2507.jpeg,/uploads/customer_007/1751043778842-315733259.jpeg,image/jpeg,1905545,2025-06-27 17:02:58.87374,2025-06-27 17:02:58.87374,
35,customer_007,1751053003777-57846402.jpeg,IMG_2505[1].jpeg,/uploads/customer_007/1751053003777-57846402.jpeg,image/jpeg,1968466,2025-06-27 19:36:43.808638,2025-06-27 19:36:43.808638,
37,customer_011,1751734203137-34748836.HEIC,Charleston 1.HEIC,/uploads/customer_011/1751734203137-34748836.HEIC,image/heic,345555,2025-07-05 16:50:03.167659,2025-07-05 16:50:03.167659,
38,customer_011,1751734203206-848582119.HEIC,Charleston 2.HEIC,/uploads/customer_011/1751734203206-848582119.HEIC,image/heic,233674,2025-07-05 16:50:03.236456,2025-07-05 16:50:03.236456,
39,customer_011,1751734203262-758611808.HEIC,Daniel Island 1.HEIC,/uploads/customer_011/1751734203262-758611808.HEIC,image/heic,1562972,2025-07-05 16:50:03.293419,2025-07-05 16:50:03.293419,
40,customer_011,1751734203319-132621197.HEIC,Daniel Island 2.HEIC,/uploads/customer_011/1751734203319-132621197.HEIC,image/heic,1840787,2025-07-05 16:50:03.351873,2025-07-05 16:50:03.351873,
41,customer_011,1751734203378-703670185.HEIC,Ellorie 1.HEIC,/uploads/customer_011/1751734203378-703670185.HEIC,image/heic,1788190,2025-07-05 16:50:03.409037,2025-07-05 16:50:03.409037,
42,customer_011,1751734203435-399885053.HEIC,Ellorie 2.HEIC,/uploads/customer_011/1751734203435-399885053.HEIC,image/heic,939051,2025-07-05 16:50:03.465616,2025-07-05 16:50:03.465616,
43,customer_011,1751734203492-705052066.HEIC,Eutawville 1.HEIC,/uploads/customer_011/1751734203492-705052066.HEIC,image/heic,2108046,2025-07-05 16:50:03.522296,2025-07-05 16:50:03.522296,
44,customer_011,1751734203548-91254088.HEIC,Hollywood 2.HEIC,/uploads/customer_011/1751734203548-91254088.HEIC,image/heic,2219229,2025-07-05 16:50:03.578858,2025-07-05 16:50:03.578858,
45,customer_011,1751734203612-810056260.HEIC,Isle of Palms 1.HEIC,/uploads/customer_011/1751734203612-810056260.HEIC,image/heic,2568867,2025-07-05 16:50:03.642571,2025-07-05 16:50:03.642571,
46,customer_011,1751734203669-162151807.HEIC,Isle of Palms 2.HEIC,/uploads/customer_011/1751734203669-162151807.HEIC,image/heic,2360944,2025-07-05 16:50:03.699615,2025-07-05 16:50:03.699615,
47,customer_011,1751734203726-87594264.HEIC,Moncks Corner 1.HEIC,/uploads/customer_011/1751734203726-87594264.HEIC,image/heic,1840787,2025-07-05 16:50:03.758491,2025-07-05 16:50:03.758491,
48,customer_011,1751734203785-487541468.HEIC,Moncks Corner 2.HEIC,/uploads/customer_011/1751734203785-487541468.HEIC,image/heic,1562972,2025-07-05 16:50:03.815515,2025-07-05 16:50:03.815515,
49,customer_011,1751734203844-383738045.HEIC,North Litchfield 1.HEIC,/uploads/customer_011/1751734203844-383738045.HEIC,image/heic,2127267,2025-07-05 16:50:03.874346,2025-07-05 16:50:03.874346,
50,customer_011,1751734203912-60700305.HEIC,North Litchfield 2.HEIC,/uploads/customer_011/1751734203912-60700305.HEIC,image/heic,1528734,2025-07-05 16:50:03.942451,2025-07-05 16:50:03.942451,
51,customer_011,1751734203969-378105885.HEIC,Eutawville 2.HEIC,/uploads/customer_011/1751734203969-378105885.HEIC,image/heic,1795156,2025-07-05 16:50:03.999726,2025-07-05 16:50:03.999726,
52,customer_011,1751734204026-875256844.HEIC,Hollywood 1.HEIC,/uploads/customer_011/1751734204026-875256844.HEIC,image/heic,1899620,2025-07-05 16:50:04.057816,2025-07-05 16:50:04.057816,
53,customer_011,1751734251523-346596411.HEIC,Charleston 1.HEIC,/uploads/customer_011/1751734251523-346596411.HEIC,image/heic,345555,2025-07-05 16:50:51.553307,2025-07-05 16:50:51.553307,
54,customer_011,1751734251580-235482086.HEIC,Charleston 2.HEIC,/uploads/customer_011/1751734251580-235482086.HEIC,image/heic,233674,2025-07-05 16:50:51.611241,2025-07-05 16:50:51.611241,
55,customer_011,1751734251637-581711285.HEIC,Daniel Island 1.HEIC,/uploads/customer_011/1751734251637-581711285.HEIC,image/heic,1562972,2025-07-05 16:50:51.668166,2025-07-05 16:50:51.668166,
56,customer_011,1751734251694-531960264.HEIC,Daniel Island 2.HEIC,/uploads/customer_011/1751734251694-531960264.HEIC,image/heic,1840787,2025-07-05 16:50:51.725012,2025-07-05 16:50:51.725012,
57,customer_011,1751734251751-359230790.HEIC,Ellorie 1.HEIC,/uploads/customer_011/1751734251751-359230790.HEIC,image/heic,1788190,2025-07-05 16:50:51.78193,2025-07-05 16:50:51.78193,
58,customer_011,1751734251808-512122073.HEIC,Ellorie 2.HEIC,/uploads/customer_011/1751734251808-512122073.HEIC,image/heic,939051,2025-07-05 16:50:51.838918,2025-07-05 16:50:51.838918,
59,customer_011,1751734251865-374653998.HEIC,Eutawville 1.HEIC,/uploads/customer_011/1751734251865-374653998.HEIC,image/heic,2108046,2025-07-05 16:50:51.89629,2025-07-05 16:50:51.89629,
60,customer_011,1751734251922-276627732.HEIC,Eutawville 2.HEIC,/uploads/customer_011/1751734251922-276627732.HEIC,image/heic,1795156,2025-07-05 16:50:51.953196,2025-07-05 16:50:51.953196,
61,customer_011,1751734251979-294164577.HEIC,Hollywood 2.HEIC,/uploads/customer_011/1751734251979-294164577.HEIC,image/heic,2219229,2025-07-05 16:50:52.020531,2025-07-05 16:50:52.020531,
62,customer_011,1751734252049-537971558.HEIC,Isle of Palms 1.HEIC,/uploads/customer_011/1751734252049-537971558.HEIC,image/heic,2568867,2025-07-05 16:50:52.079327,2025-07-05 16:50:52.079327,
63,customer_011,1751734252105-194187874.HEIC,Isle of Palms 2.HEIC,/uploads/customer_011/1751734252105-194187874.HEIC,image/heic,2360944,2025-07-05 16:50:52.136193,2025-07-05 16:50:52.136193,
64,customer_011,1751734252162-385743720.HEIC,Moncks Corner 1.HEIC,/uploads/customer_011/1751734252162-385743720.HEIC,image/heic,1840787,2025-07-05 16:50:52.19286,2025-07-05 16:50:52.19286,
65,customer_011,1751734252219-15460886.HEIC,Moncks Corner 2.HEIC,/uploads/customer_011/1751734252219-15460886.HEIC,image/heic,1562972,2025-07-05 16:50:52.249664,2025-07-05 16:50:52.249664,
66,customer_011,1751734252276-118262802.HEIC,North Litchfield 1.HEIC,/uploads/customer_011/1751734252276-118262802.HEIC,image/heic,2127267,2025-07-05 16:50:52.306466,2025-07-05 16:50:52.306466,
67,customer_011,1751734252332-366035564.HEIC,North Litchfield 2.HEIC,/uploads/customer_011/1751734252332-366035564.HEIC,image/heic,1528734,2025-07-05 16:50:52.363285,2025-07-05 16:50:52.363285,
68,customer_011,1751734252389-623156769.HEIC,Hollywood 1.HEIC,/uploads/customer_011/1751734252389-623156769.HEIC,image/heic,1899620,2025-07-05 16:50:52.420159,2025-07-05 16:50:52.420159,
69,customer_1752255981406,1752256586167-885951392.jpeg,Mineral Pharmacy 1.jpeg,/uploads/customer_1752255981406/1752256586167-885951392.jpeg,image/jpeg,40432,2025-07-11 17:56:26.199135,2025-07-11 17:56:26.199135,
70,customer_1752255981406,1752256586242-908113760.jpeg,Mineral Pharmacy 2.jpeg,/uploads/customer_1752255981406/1752256586242-908113760.jpeg,image/jpeg,40090,2025-07-11 17:56:26.274028,2025-07-11 17:56:26.274028,
71,customer_1752255981406,1752256586300-552083436.jpeg,Plains Drug 1.jpeg,/uploads/customer_1752255981406/1752256586300-552083436.jpeg,image/jpeg,73533,2025-07-11 17:56:26.332082,2025-07-11 17:56:26.332082,
72,customer_1752255981406,1752256586358-433209902.jpeg,Plains Drug 2.jpeg,/uploads/customer_1752255981406/1752256586358-433209902.jpeg,image/jpeg,77271,2025-07-11 17:56:26.39063,2025-07-11 17:56:26.39063,
73,customer_1752255981406,1752256586417-264229372.jpeg,Plains Drug 3.jpeg,/uploads/customer_1752255981406/1752256586417-264229372.jpeg,image/jpeg,72595,2025-07-11 17:56:26.44855,2025-07-11 17:56:26.44855,
74,customer_1752255981406,1752256586475-769008745.jpeg,Thompson Falls Family Pharmacy 1.jpeg,/uploads/customer_1752255981406/1752256586475-769008745.jpeg,image/jpeg,60890,2025-07-11 17:56:26.506563,2025-07-11 17:56:26.506563,
75,customer_1752255981406,1752256586533-88920900.jpeg,Thompson Falls Family Pharmacy 2.jpeg,/uploads/customer_1752255981406/1752256586533-88920900.jpeg,image/jpeg,53271,2025-07-11 17:56:26.564486,2025-07-11 17:56:26.564486,
76,customer_1752255981406,1752256586591-142851587.jpeg,Tompson Falls Family Pharmacy 3.jpeg,/uploads/customer_1752255981406/1752256586591-142851587.jpeg,image/jpeg,46299,2025-07-11 17:56:26.622437,2025-07-11 17:56:26.622437,
96,customer_1752596894930,1753207010627-92507308.heic,IMG_3113.HEIC,/uploads/customer_1752596894930/1753207010627-92507308.heic,image/heic,1684204,2025-07-22 17:56:50.637877,2025-07-22 17:56:50.637877,
97,customer_1752596894930,1753207015666-747635747.heic,IMG_3112.HEIC,/uploads/customer_1752596894930/1753207015666-747635747.heic,image/heic,1627773,2025-07-22 17:56:55.676739,2025-07-22 17:56:55.676739,
98,customer_1752596894930,1753207024090-928584332.heic,IMG_3111.HEIC,/uploads/customer_1752596894930/1753207024090-928584332.heic,image/heic,1669622,2025-07-22 17:57:04.100366,2025-07-22 17:57:04.100366,
99,customer_1752596894930,1753207094528-134734488.heic,IMG_3115.HEIC,/uploads/customer_1752596894930/1753207094528-134734488.heic,image/heic,1210749,2025-07-22 17:58:14.538192,2025-07-22 17:58:14.538192,
100,customer_1752596894930,1753207100156-937960898.heic,IMG_3114.HEIC,/uploads/customer_1752596894930/1753207100156-937960898.heic,image/heic,1145895,2025-07-22 17:58:20.166712,2025-07-22 17:58:20.166712,
